threshold,accuracy,precision,sensitivity,specificity,f1_score,auc_roc,brier_score,TP,FP,FN,TN,fold
0.7114032850173209,0.9194630872483222,0.970873786407767,0.9174311926605505,0.925,0.9433962264150944,0.9793577981651376,0.04825877801088902,100,3,9,37,1
0.35652969261088047,0.9594594594594594,0.9904761904761905,0.9541284403669725,0.9743589743589743,0.9719626168224299,0.980004704775347,0.05189992005906394,104,1,5,38,2
0.5888389319969674,0.9527027027027027,1.0,0.9351851851851852,1.0,0.9665071770334929,0.9944444444444445,0.042024772658210856,101,0,7,40,3
0.5706336980831095,0.9662162162162162,0.9813084112149533,0.9722222222222222,0.95,0.9767441860465116,0.9875,0.03441266370296389,105,2,3,38,4
0.5471548375570611,0.9391891891891891,0.9900990099009901,0.9259259259259259,0.975,0.9569377990430622,0.981712962962963,0.05456472414971493,100,1,8,39,5
