{
  "threshold": 0.31970100459364914,
  "accuracy": 0.9821428571428571,
  "precision": 0.9878048780487805,
  "sensitivity": 0.9878048780487805,
  "specificity": 0.9666666666666667,
  "f1_score": 0.9878048780487805,
  "auc_roc": 0.9991869918699187,
  "brier_score": 0.017078748394835568,
  "TP": 81,
  "FP": 1,
  "FN": 1,
  "TN": 29
}